{
    "black": [
        "#000000ff",
        "#101414ff",
        "#1c2222ff",
        "#22282aff",
        "#2a3034ff",
        "#4a5057ff"
    ],
    "blue": [
        "#180716ff",
        "#281e41ff",
        "#322d6aff",
        "#3c49adff",
        "#466ac9ff",
        "#61a0efff"
    ],
    "bluegray": [
        "#11150bff",
        "#0b2b28ff",
        "#2e403aff",
        "#315b49ff",
        "#557e85ff",
        "#79979dff"
    ],
    "brown": [
        "#1d131eff",
        "#411e05ff",
        "#4b2b13ff",
        "#62351cff",
        "#744b30ff",
        "#996b4aff"
    ],
    "charcoal": [
        "#000000ff",
        "#130d14ff",
        "#1c2222ff",
        "#2a3034ff",
        "#4a5057ff",
        "#6e7675ff"
    ],
    "forest": [
        "#09131dff",
        "#0b1f25ff",
        "#0b2b28ff",
        "#07391dff",
        "#134507ff",
        "#1b5502ff"
    ],
    "gray": [
        "#0e0e18ff",
        "#201e2bff",
        "#373340ff",
        "#585561ff",
        "#797580ff",
        "#a2a0a4ff"
    ],
    "green": [
        "#101820ff",
        "#192832ff",
        "#214437ff",
        "#0b5c2fff",
        "#2f8136ff",
        "#64a42cff"
    ],
    "lavender": [
        "#13112dff",
        "#2b225aff",
        "#402e82ff",
        "#7141b2ff",
        "#a966ddff",
        "#d085edff"
    ],
    "leather": [
        "#1d0f0eff",
        "#311210ff",
        "#4b2b13ff",
        "#704325ff",
        "#75502dff",
        "#9a6f37ff"
    ],
    "maroon": [
        "#1d131eff",
        "#400b1fff",
        "#551c22ff",
        "#682121ff",
        "#832121ff",
        "#ae424aff"
    ],
    "navy": [
        "#180716ff",
        "#20102bff",
        "#281e41ff",
        "#322d6aff",
        "#3c49adff",
        "#466ac9ff"
    ],
    "orange": [
        "#301723ff",
        "#5f1d1bff",
        "#9c3f23ff",
        "#d75b1aff",
        "#ef7e19ff",
        "#ffa749ff"
    ],
    "pink": [
        "#1d131eff",
        "#54242eff",
        "#6c3536ff",
        "#ae424aff",
        "#c36072ff",
        "#e08080ff"
    ],
    "purple": [
        "#180716ff",
        "#13112dff",
        "#261044ff",
        "#411357ff",
        "#621e78ff",
        "#813089ff"
    ],
    "red": [
        "#1d131eff",
        "#400b1fff",
        "#651117ff",
        "#82171cff",
        "#ab1e1eff",
        "#cd2429ff"
    ],
    "rose": [
        "#1d131eff",
        "#301723ff",
        "#562323ff",
        "#77372bff",
        "#8a3d28ff",
        "#b05f3cff"
    ],
    "sky": [
        "#1a0d18ff",
        "#313148ff",
        "#586b90ff",
        "#9fbbcbff",
        "#c6eefdff",
        "#ffffffff"
    ],
    "slate": [
        "#1d131eff",
        "#31313eff",
        "#4a5057ff",
        "#818b8bff",
        "#b3afa1ff",
        "#e5e6c7ff"
    ],
    "source": [
        "#240408ff",
        "#43111eff",
        "#6e0e22ff",
        "#9a1424ff",
        "#c71a1aff",
        "#f14f2eff"
    ],
    "tan": [
        "#3e2613ff",
        "#684415ff",
        "#986a20ff",
        "#b78c41ff",
        "#b7996aff",
        "#cfc587ff"
    ],
    "teal": [
        "#180716ff",
        "#1b2b47ff",
        "#0e4e72ff",
        "#156c99ff",
        "#0098b2ff",
        "#00cfdfff"
    ],
    "walnut": [
        "#2b1c1dff",
        "#3e2613ff",
        "#62351cff",
        "#744b30ff",
        "#996b4aff",
        "#a17c50ff"
    ],
    "white": [
        "#281820ff",
        "#4d4a5dff",
        "#958080ff",
        "#c4b59fff",
        "#e5e6c7ff",
        "#ffffffff"
    ],
    "yellow": [
        "#301723ff",
        "#5f2f25ff",
        "#ba5b23ff",
        "#d99431ff",
        "#f3c03fff",
        "#ffe360ff"
    ]
}