{"gold": ["#2e2533ff", "#6d4a00ff", "#966600ff", "#dc6f35ff", "#ffc95aff", "#ffff61ff"], "silver": ["#2e2533ff", "#31313eff", "#4a5057ff", "#818b8bff", "#d6e1d3ff", "#ffffffff"], "copper": ["#4f2313ff", "#7b2008ff", "#973c23ff", "#9d5427ff", "#ec855cff", "#ffc95aff"], "bronze": ["#4f2313ff", "#6d4a00ff", "#966600ff", "#bf8200ff", "#e7a820ff", "#fbe3b0ff"], "brass": ["#1a1213ff", "#61482cff", "#836332ff", "#af8a35ff", "#fdd082ff", "#fdf5ccff"], "steel": ["#1d131eff", "#4d4a5dff", "#726b7eff", "#867e7fff", "#c4b59fff", "#ffffffff"], "iron": ["#000000ff", "#1b192bff", "#29253aff", "#343043ff", "#484152ff", "#726b7eff"], "ceramic": ["#181009ff", "#32251aff", "#594435ff", "#7d604dff", "#ba9069ff", "#fbe3b0ff"], "source": ["#1d131eff", "#4d4a5dff", "#726b7eff", "#867e7fff", "#c4b59fff", "#ffffffff"]}