{
    "black": [
        "#0f14149c",
        "#000000ff",
        "#080a0aff",
        "#101414ff",
        "#1c2222ff",
        "#31313eff",
        "#4a5057ff"
    ],
    "raven": [
        "#020a179c",
        "#010107ff",
        "#040b18ff",
        "#061421ff",
        "#071f2aff",
        "#0d384dff",
        "#1a5369ff"
    ],
    "blonde": [
        "#aa5b1d9c",
        "#331313ff",
        "#552b15ff",
        "#ac5d1fff",
        "#e09e2bff",
        "#fccf56ff",
        "#ffe67dff"
    ],
    "ash": [
        "#904d629c",
        "#2d061bff",
        "#642442ff",
        "#935065ff",
        "#c18f8aff",
        "#eddf95ff",
        "#fff1c1ff"
    ],
    "gold": [
        "#9957009c",
        "#300700ff",
        "#6a2800ff",
        "#9c5900ff",
        "#cca000ff",
        "#faf800ff",
        "#f6f6c2ff"
    ],
    "sandy": [
        "#965f2a9c",
        "#1c0e06ff",
        "#633e2cff",
        "#99622dff",
        "#bf9d5aff",
        "#eddc7eff",
        "#f6f6c2ff"
    ],
    "platinum": [
        "#a57a4e9c",
        "#1c0e06ff",
        "#7d5d5dff",
        "#a87d52ff",
        "#c0ab81ff",
        "#eddf95ff",
        "#f6f6f3ff"
    ],
    "strawberry": [
        "#e06d009c",
        "#5c0d00ff",
        "#902900ff",
        "#e47100ff",
        "#ffa913ff",
        "#ffe453ff",
        "#eefe7eff"
    ],
    "blue": [
        "#00008e9c",
        "#000027ff",
        "#00005eff",
        "#000091ff",
        "#0041b4ff",
        "#0074cbff",
        "#1e85efff"
    ],
    "dark_brown": [
        "#260b029c",
        "#050100ff",
        "#160701ff",
        "#290e02ff",
        "#421603ff",
        "#5f1f04ff",
        "#792806ff"
    ],
    "light_brown": [
        "#7a45109c",
        "#1a0e04ff",
        "#301b07ff",
        "#60350fff",
        "#7d4513ff",
        "#ae682aff",
        "#c88d58ff"
    ],
    "chestnut": [
        "#601d0a9c",
        "#200c0dff",
        "#3a130eff",
        "#63200bff",
        "#81310aff",
        "#b6550eff",
        "#d28102ff"
    ],
    "dark_gray": [
        "#3838389c",
        "#000000ff",
        "#0e0e0eff",
        "#1b1b1bff",
        "#3b3b3bff",
        "#7c7c7cff",
        "#c1c1c1ff"
    ],
    "gray": [
        "#4848489c",
        "#0e0e0eff",
        "#292929ff",
        "#4b4b4bff",
        "#777777ff",
        "#aaaaaaff",
        "#d9d9d9ff"
    ],
    "green": [
        "#002a009c",
        "#000400ff",
        "#001400ff",
        "#002d00ff",
        "#005000ff",
        "#007c00ff",
        "#00a700ff"
    ],
    "orange": [
        "#a226009c",
        "#260d14ff",
        "#6a1108ff",
        "#a42600ff",
        "#bf4000ff",
        "#e55600ff",
        "#ff8a00ff"
    ],
    "pink": [
        "#b20a659c",
        "#330410ff",
        "#71043aff",
        "#b60a68ff",
        "#e941aaff",
        "#e976c4ff",
        "#ea95d5ff"
    ],
    "purple": [
        "#5a0a849c",
        "#13112dff",
        "#2b225aff",
        "#402e82ff",
        "#7141b2ff",
        "#a966ddff",
        "#d085edff"
    ],
    "red": [
        "#9900009c",
        "#300000ff",
        "#870000ff",
        "#a40712ff",
        "#cb0000ff",
        "#e21414ff",
        "#f1583aff"
    ],
    "redhead": [
        "#71171c9c",
        "#260d14ff",
        "#3e111aff",
        "#73171eff",
        "#9e1f1fff",
        "#c7341bff",
        "#e74716ff"
    ],
    "ginger": [
        "#9938009c",
        "#300500ff",
        "#6a1a00ff",
        "#9c3b01ff",
        "#cc6901ff",
        "#faa301ff",
        "#ffe01eff"
    ],
    "carrot": [
        "#e6643b9c",
        "#5a1500ff",
        "#8a2000ff",
        "#ac2800ff",
        "#ec673eff",
        "#f68764ff",
        "#ffb39cff"
    ],
    "rose": [
        "#9940719c",
        "#30051fff",
        "#6a1e4bff",
        "#9c4373ff",
        "#cc789dff",
        "#fabbc6ff",
        "#fae1e5ff"
    ],
    "source": [
        "#a026009c",
        "#260d14ff",
        "#6a1108ff",
        "#a42600ff",
        "#bf4000ff",
        "#e55600ff",
        "#ff8a00ff"
    ],
    "navy": [
        "#322d6a9c",
        "#180716ff",
        "#20102bff",
        "#281e41ff",
        "#322d6aff",
        "#3c49adff",
        "#466ac9ff"
    ],
    "violet": [
        "#38028e9c",
        "#1e032eff",
        "#30035cff",
        "#380392ff",
        "#3c07d8ff",
        "#5662f3ff",
        "#5792f2ff"
    ],
    "white": [
        "#8991969c",
        "#1d1d21ff",
        "#484e57ff",
        "#8b9498ff",
        "#b8bbbcff",
        "#d8dcdcff",
        "#ffffffff"
    ]
}